{"branches": 93.37016574585635, "coverage": 95.47553093259464}