{"branches": 96.57142857142857, "coverage": 97.91271347248576}